Close,Close(t-1),Close(t-2),Close(t-3),Close(t-4),Close(t-5),Close(t-6),Close(t-7),Close(t-8),Close(t-9),Close(t-10),Close(t-11),Close(t-12),Close(t-13),Close(t-14)
0.3923722065275532,0.4020773301757161,0.35707522511541945,0.3160116727148927,0.303979959889787,0.29507268420633626,0.27217285975033767,0.26145400279728137,0.2749481203143662,0.2569006283513253,0.2533110927344868,0.25487331130531454,0.24438723042824373,0.244819320177996,0.25450770763958985
0.39491484057937254,0.3923722065275532,0.4020773301757161,0.35707522511541945,0.3160116727148927,0.303979959889787,0.29507268420633626,0.27217285975033767,0.26145400279728137,0.2749481203143662,0.2569006283513253,0.2533110927344868,0.25487331130531454,0.24438723042824373,0.244819320177996
0.44177812724295795,0.39491484057937254,0.3923722065275532,0.4020773301757161,0.35707522511541945,0.3160116727148927,0.303979959889787,0.29507268420633626,0.27217285975033767,0.26145400279728137,0.2749481203143662,0.2569006283513253,0.2533110927344868,0.25487331130531454,0.24438723042824373
0.46783539756604275,0.44177812724295795,0.39491484057937254,0.3923722065275532,0.4020773301757161,0.35707522511541945,0.3160116727148927,0.303979959889787,0.29507268420633626,0.27217285975033767,0.26145400279728137,0.2749481203143662,0.2569006283513253,0.2533110927344868,0.25487331130531454
0.6592438330667243,0.46783539756604275,0.44177812724295795,0.39491484057937254,0.3923722065275532,0.4020773301757161,0.35707522511541945,0.3160116727148927,0.303979959889787,0.29507268420633626,0.27217285975033767,0.26145400279728137,0.2749481203143662,0.2569006283513253,0.2533110927344868
0.6485582939375698,0.6592438330667243,0.46783539756604275,0.44177812724295795,0.39491484057937254,0.3923722065275532,0.4020773301757161,0.35707522511541945,0.3160116727148927,0.303979959889787,0.29507268420633626,0.27217285975033767,0.26145400279728137,0.2749481203143662,0.2569006283513253
0.6808475428227017,0.6485582939375698,0.6592438330667243,0.46783539756604275,0.44177812724295795,0.39491484057937254,0.3923722065275532,0.4020773301757161,0.35707522511541945,0.3160116727148927,0.303979959889787,0.29507268420633626,0.27217285975033767,0.26145400279728137,0.2749481203143662
0.745957625152176,0.6808475428227017,0.6485582939375698,0.6592438330667243,0.46783539756604275,0.44177812724295795,0.39491484057937254,0.3923722065275532,0.4020773301757161,0.35707522511541945,0.3160116727148927,0.303979959889787,0.29507268420633626,0.27217285975033767,0.26145400279728137
0.8073785225061176,0.745957625152176,0.6808475428227017,0.6485582939375698,0.6592438330667243,0.46783539756604275,0.44177812724295795,0.39491484057937254,0.3923722065275532,0.4020773301757161,0.35707522511541945,0.3160116727148927,0.303979959889787,0.29507268420633626,0.27217285975033767
0.9645700414343505,0.8073785225061176,0.745957625152176,0.6808475428227017,0.6485582939375698,0.6592438330667243,0.46783539756604275,0.44177812724295795,0.39491484057937254,0.3923722065275532,0.4020773301757161,0.35707522511541945,0.3160116727148927,0.303979959889787,0.29507268420633626
0.9037639608811354,0.9645700414343505,0.8073785225061176,0.745957625152176,0.6808475428227017,0.6485582939375698,0.6592438330667243,0.46783539756604275,0.44177812724295795,0.39491484057937254,0.3923722065275532,0.4020773301757161,0.35707522511541945,0.3160116727148927,0.303979959889787
0.9733277633124124,0.9037639608811354,0.9645700414343505,0.8073785225061176,0.745957625152176,0.6808475428227017,0.6485582939375698,0.6592438330667243,0.46783539756604275,0.44177812724295795,0.39491484057937254,0.3923722065275532,0.4020773301757161,0.35707522511541945,0.3160116727148927
0.9999999999999998,0.9733277633124124,0.9037639608811354,0.9645700414343505,0.8073785225061176,0.745957625152176,0.6808475428227017,0.6485582939375698,0.6592438330667243,0.46783539756604275,0.44177812724295795,0.39491484057937254,0.3923722065275532,0.4020773301757161,0.35707522511541945
0.9870046078804713,0.9999999999999998,0.9733277633124124,0.9037639608811354,0.9645700414343505,0.8073785225061176,0.745957625152176,0.6808475428227017,0.6485582939375698,0.6592438330667243,0.46783539756604275,0.44177812724295795,0.39491484057937254,0.3923722065275532,0.4020773301757161
0.8887079289062347,0.9870046078804713,0.9999999999999998,0.9733277633124124,0.9037639608811354,0.9645700414343505,0.8073785225061176,0.745957625152176,0.6808475428227017,0.6485582939375698,0.6592438330667243,0.46783539756604275,0.44177812724295795,0.39491484057937254,0.3923722065275532
0.656983729973809,0.8887079289062347,0.9870046078804713,0.9999999999999998,0.9733277633124124,0.9037639608811354,0.9645700414343505,0.8073785225061176,0.745957625152176,0.6808475428227017,0.6485582939375698,0.6592438330667243,0.46783539756604275,0.44177812724295795,0.39491484057937254
0.7308516887305807,0.656983729973809,0.8887079289062347,0.9870046078804713,0.9999999999999998,0.9733277633124124,0.9037639608811354,0.9645700414343505,0.8073785225061176,0.745957625152176,0.6808475428227017,0.6485582939375698,0.6592438330667243,0.46783539756604275,0.44177812724295795
0.7234731542593609,0.7308516887305807,0.656983729973809,0.8887079289062347,0.9870046078804713,0.9999999999999998,0.9733277633124124,0.9037639608811354,0.9645700414343505,0.8073785225061176,0.745957625152176,0.6808475428227017,0.6485582939375698,0.6592438330667243,0.46783539756604275
0.6734690083514816,0.7234731542593609,0.7308516887305807,0.656983729973809,0.8887079289062347,0.9870046078804713,0.9999999999999998,0.9733277633124124,0.9037639608811354,0.9645700414343505,0.8073785225061176,0.745957625152176,0.6808475428227017,0.6485582939375698,0.6592438330667243
0.6401827573625658,0.6734690083514816,0.7234731542593609,0.7308516887305807,0.656983729973809,0.8887079289062347,0.9870046078804713,0.9999999999999998,0.9733277633124124,0.9037639608811354,0.9645700414343505,0.8073785225061176,0.745957625152176,0.6808475428227017,0.6485582939375698
0.7088823802943383,0.6401827573625658,0.6734690083514816,0.7234731542593609,0.7308516887305807,0.656983729973809,0.8887079289062347,0.9870046078804713,0.9999999999999998,0.9733277633124124,0.9037639608811354,0.9645700414343505,0.8073785225061176,0.745957625152176,0.6808475428227017
0.7658495575464777,0.7088823802943383,0.6401827573625658,0.6734690083514816,0.7234731542593609,0.7308516887305807,0.656983729973809,0.8887079289062347,0.9870046078804713,0.9999999999999998,0.9733277633124124,0.9037639608811354,0.9645700414343505,0.8073785225061176,0.745957625152176
0.778097160697224,0.7658495575464777,0.7088823802943383,0.6401827573625658,0.6734690083514816,0.7234731542593609,0.7308516887305807,0.656983729973809,0.8887079289062347,0.9870046078804713,0.9999999999999998,0.9733277633124124,0.9037639608811354,0.9645700414343505,0.8073785225061176
0.8456999776172822,0.778097160697224,0.7658495575464777,0.7088823802943383,0.6401827573625658,0.6734690083514816,0.7234731542593609,0.7308516887305807,0.656983729973809,0.8887079289062347,0.9870046078804713,0.9999999999999998,0.9733277633124124,0.9037639608811354,0.9645700414343505
0.8786206249404733,0.8456999776172822,0.778097160697224,0.7658495575464777,0.7088823802943383,0.6401827573625658,0.6734690083514816,0.7234731542593609,0.7308516887305807,0.656983729973809,0.8887079289062347,0.9870046078804713,0.9999999999999998,0.9733277633124124,0.9037639608811354
0.7991192219126007,0.8786206249404733,0.8456999776172822,0.778097160697224,0.7658495575464777,0.7088823802943383,0.6401827573625658,0.6734690083514816,0.7234731542593609,0.7308516887305807,0.656983729973809,0.8887079289062347,0.9870046078804713,0.9999999999999998,0.9733277633124124
0.8107021088013855,0.7991192219126007,0.8786206249404733,0.8456999776172822,0.778097160697224,0.7658495575464777,0.7088823802943383,0.6401827573625658,0.6734690083514816,0.7234731542593609,0.7308516887305807,0.656983729973809,0.8887079289062347,0.9870046078804713,0.9999999999999998
0.7540673669548448,0.8107021088013855,0.7991192219126007,0.8786206249404733,0.8456999776172822,0.778097160697224,0.7658495575464777,0.7088823802943383,0.6401827573625658,0.6734690083514816,0.7234731542593609,0.7308516887305807,0.656983729973809,0.8887079289062347,0.9870046078804713
0.8455837416357952,0.7540673669548448,0.8107021088013855,0.7991192219126007,0.8786206249404733,0.8456999776172822,0.778097160697224,0.7658495575464777,0.7088823802943383,0.6401827573625658,0.6734690083514816,0.7234731542593609,0.7308516887305807,0.656983729973809,0.8887079289062347
0.8584960610485035,0.8455837416357952,0.7540673669548448,0.8107021088013855,0.7991192219126007,0.8786206249404733,0.8456999776172822,0.778097160697224,0.7658495575464777,0.7088823802943383,0.6401827573625658,0.6734690083514816,0.7234731542593609,0.7308516887305807,0.656983729973809
0.7758038943296424,0.8584960610485035,0.8455837416357952,0.7540673669548448,0.8107021088013855,0.7991192219126007,0.8786206249404733,0.8456999776172822,0.778097160697224,0.7658495575464777,0.7088823802943383,0.6401827573625658,0.6734690083514816,0.7234731542593609,0.7308516887305807
0.7585209275219522,0.7758038943296424,0.8584960610485035,0.8455837416357952,0.7540673669548448,0.8107021088013855,0.7991192219126007,0.8786206249404733,0.8456999776172822,0.778097160697224,0.7658495575464777,0.7088823802943383,0.6401827573625658,0.6734690083514816,0.7234731542593609
0.6428084641212053,0.7585209275219522,0.7758038943296424,0.8584960610485035,0.8455837416357952,0.7540673669548448,0.8107021088013855,0.7991192219126007,0.8786206249404733,0.8456999776172822,0.778097160697224,0.7658495575464777,0.7088823802943383,0.6401827573625658,0.6734690083514816
0.6329040317847354,0.6428084641212053,0.7585209275219522,0.7758038943296424,0.8584960610485035,0.8455837416357952,0.7540673669548448,0.8107021088013855,0.7991192219126007,0.8786206249404733,0.8456999776172822,0.778097160697224,0.7658495575464777,0.7088823802943383,0.6401827573625658
0.7039302438934505,0.6329040317847354,0.6428084641212053,0.7585209275219522,0.7758038943296424,0.8584960610485035,0.8455837416357952,0.7540673669548448,0.8107021088013855,0.7991192219126007,0.8786206249404733,0.8456999776172822,0.778097160697224,0.7658495575464777,0.7088823802943383
0.732530143282895,0.7039302438934505,0.6329040317847354,0.6428084641212053,0.7585209275219522,0.7758038943296424,0.8584960610485035,0.8455837416357952,0.7540673669548448,0.8107021088013855,0.7991192219126007,0.8786206249404733,0.8456999776172822,0.778097160697224,0.7658495575464777
0.6242459642508273,0.732530143282895,0.7039302438934505,0.6329040317847354,0.6428084641212053,0.7585209275219522,0.7758038943296424,0.8584960610485035,0.8455837416357952,0.7540673669548448,0.8107021088013855,0.7991192219126007,0.8786206249404733,0.8456999776172822,0.778097160697224
0.6462318593098624,0.6242459642508273,0.732530143282895,0.7039302438934505,0.6329040317847354,0.6428084641212053,0.7585209275219522,0.7758038943296424,0.8584960610485035,0.8455837416357952,0.7540673669548448,0.8107021088013855,0.7991192219126007,0.8786206249404733,0.8456999776172822
0.5621104511736887,0.6462318593098624,0.6242459642508273,0.732530143282895,0.7039302438934505,0.6329040317847354,0.6428084641212053,0.7585209275219522,0.7758038943296424,0.8584960610485035,0.8455837416357952,0.7540673669548448,0.8107021088013855,0.7991192219126007,0.8786206249404733
0.5489820819006452,0.5621104511736887,0.6462318593098624,0.6242459642508273,0.732530143282895,0.7039302438934505,0.6329040317847354,0.6428084641212053,0.7585209275219522,0.7758038943296424,0.8584960610485035,0.8455837416357952,0.7540673669548448,0.8107021088013855,0.7991192219126007
0.578030662648094,0.5489820819006452,0.5621104511736887,0.6462318593098624,0.6242459642508273,0.732530143282895,0.7039302438934505,0.6329040317847354,0.6428084641212053,0.7585209275219522,0.7758038943296424,0.8584960610485035,0.8455837416357952,0.7540673669548448,0.8107021088013855
0.49648520638764126,0.578030662648094,0.5489820819006452,0.5621104511736887,0.6462318593098624,0.6242459642508273,0.732530143282895,0.7039302438934505,0.6329040317847354,0.6428084641212053,0.7585209275219522,0.7758038943296424,0.8584960610485035,0.8455837416357952,0.7540673669548448
0.5058744762675389,0.49648520638764126,0.578030662648094,0.5489820819006452,0.5621104511736887,0.6462318593098624,0.6242459642508273,0.732530143282895,0.7039302438934505,0.6329040317847354,0.6428084641212053,0.7585209275219522,0.7758038943296424,0.8584960610485035,0.8455837416357952
0.45164939131930226,0.5058744762675389,0.49648520638764126,0.578030662648094,0.5489820819006452,0.5621104511736887,0.6462318593098624,0.6242459642508273,0.732530143282895,0.7039302438934505,0.6329040317847354,0.6428084641212053,0.7585209275219522,0.7758038943296424,0.8584960610485035
0.515778908604009,0.45164939131930226,0.5058744762675389,0.49648520638764126,0.578030662648094,0.5489820819006452,0.5621104511736887,0.6462318593098624,0.6242459642508273,0.732530143282895,0.7039302438934505,0.6329040317847354,0.6428084641212053,0.7585209275219522,0.7758038943296424
0.6326714052725257,0.515778908604009,0.45164939131930226,0.5058744762675389,0.49648520638764126,0.578030662648094,0.5489820819006452,0.5621104511736887,0.6462318593098624,0.6242459642508273,0.732530143282895,0.7039302438934505,0.6329040317847354,0.6428084641212053,0.7585209275219522
0.7292728885224198,0.6326714052725257,0.515778908604009,0.45164939131930226,0.5058744762675389,0.49648520638764126,0.578030662648094,0.5489820819006452,0.5621104511736887,0.6462318593098624,0.6242459642508273,0.732530143282895,0.7039302438934505,0.6329040317847354,0.6428084641212053
0.7740423670705072,0.7292728885224198,0.6326714052725257,0.515778908604009,0.45164939131930226,0.5058744762675389,0.49648520638764126,0.578030662648094,0.5489820819006452,0.5621104511736887,0.6462318593098624,0.6242459642508273,0.732530143282895,0.7039302438934505,0.6329040317847354
0.7649522147723062,0.7740423670705072,0.7292728885224198,0.6326714052725257,0.515778908604009,0.45164939131930226,0.5058744762675389,0.49648520638764126,0.578030662648094,0.5489820819006452,0.5621104511736887,0.6462318593098624,0.6242459642508273,0.732530143282895,0.7039302438934505
0.7611632159179251,0.7649522147723062,0.7740423670705072,0.7292728885224198,0.6326714052725257,0.515778908604009,0.45164939131930226,0.5058744762675389,0.49648520638764126,0.578030662648094,0.5489820819006452,0.5621104511736887,0.6462318593098624,0.6242459642508273,0.732530143282895
0.734823414635936,0.7611632159179251,0.7649522147723062,0.7740423670705072,0.7292728885224198,0.6326714052725257,0.515778908604009,0.45164939131930226,0.5058744762675389,0.49648520638764126,0.578030662648094,0.5489820819006452,0.5621104511736887,0.6462318593098624,0.6242459642508273
0.7122891938456619,0.734823414635936,0.7611632159179251,0.7649522147723062,0.7740423670705072,0.7292728885224198,0.6326714052725257,0.515778908604009,0.45164939131930226,0.5058744762675389,0.49648520638764126,0.578030662648094,0.5489820819006452,0.5621104511736887,0.6462318593098624
0.9499293630226335,0.7122891938456619,0.734823414635936,0.7611632159179251,0.7649522147723062,0.7740423670705072,0.7292728885224198,0.6326714052725257,0.515778908604009,0.45164939131930226,0.5058744762675389,0.49648520638764126,0.578030662648094,0.5489820819006452,0.5621104511736887
0.8665225755951163,0.9499293630226335,0.7122891938456619,0.734823414635936,0.7611632159179251,0.7649522147723062,0.7740423670705072,0.7292728885224198,0.6326714052725257,0.515778908604009,0.45164939131930226,0.5058744762675389,0.49648520638764126,0.578030662648094,0.5489820819006452
0.7643705662317057,0.8665225755951163,0.9499293630226335,0.7122891938456619,0.734823414635936,0.7611632159179251,0.7649522147723062,0.7740423670705072,0.7292728885224198,0.6326714052725257,0.515778908604009,0.45164939131930226,0.5058744762675389,0.49648520638764126,0.578030662648094
0.7254507263933718,0.7643705662317057,0.8665225755951163,0.9499293630226335,0.7122891938456619,0.734823414635936,0.7611632159179251,0.7649522147723062,0.7740423670705072,0.7292728885224198,0.6326714052725257,0.515778908604009,0.45164939131930226,0.5058744762675389,0.49648520638764126
0.6627337143394088,0.7254507263933718,0.7643705662317057,0.8665225755951163,0.9499293630226335,0.7122891938456619,0.734823414635936,0.7611632159179251,0.7649522147723062,0.7740423670705072,0.7292728885224198,0.6326714052725257,0.515778908604009,0.45164939131930226,0.5058744762675389
0.7145159741292155,0.6627337143394088,0.7254507263933718,0.7643705662317057,0.8665225755951163,0.9499293630226335,0.7122891938456619,0.734823414635936,0.7611632159179251,0.7649522147723062,0.7740423670705072,0.7292728885224198,0.6326714052725257,0.515778908604009,0.45164939131930226
0.7249521505595917,0.7145159741292155,0.6627337143394088,0.7254507263933718,0.7643705662317057,0.8665225755951163,0.9499293630226335,0.7122891938456619,0.734823414635936,0.7611632159179251,0.7649522147723062,0.7740423670705072,0.7292728885224198,0.6326714052725257,0.515778908604009
0.7944494619213813,0.7249521505595917,0.7145159741292155,0.6627337143394088,0.7254507263933718,0.7643705662317057,0.8665225755951163,0.9499293630226335,0.7122891938456619,0.734823414635936,0.7611632159179251,0.7649522147723062,0.7740423670705072,0.7292728885224198,0.6326714052725257
0.6703780485684234,0.7944494619213813,0.7249521505595917,0.7145159741292155,0.6627337143394088,0.7254507263933718,0.7643705662317057,0.8665225755951163,0.9499293630226335,0.7122891938456619,0.734823414635936,0.7611632159179251,0.7649522147723062,0.7740423670705072,0.7292728885224198
0.7003738715512786,0.6703780485684234,0.7944494619213813,0.7249521505595917,0.7145159741292155,0.6627337143394088,0.7254507263933718,0.7643705662317057,0.8665225755951163,0.9499293630226335,0.7122891938456619,0.734823414635936,0.7611632159179251,0.7649522147723062,0.7740423670705072
0.6686331029466217,0.7003738715512786,0.6703780485684234,0.7944494619213813,0.7249521505595917,0.7145159741292155,0.6627337143394088,0.7254507263933718,0.7643705662317057,0.8665225755951163,0.9499293630226335,0.7122891938456619,0.734823414635936,0.7611632159179251,0.7649522147723062
0.6107020918508241,0.6686331029466217,0.7003738715512786,0.6703780485684234,0.7944494619213813,0.7249521505595917,0.7145159741292155,0.6627337143394088,0.7254507263933718,0.7643705662317057,0.8665225755951163,0.9499293630226335,0.7122891938456619,0.734823414635936,0.7611632159179251
0.6117324117785101,0.6107020918508241,0.6686331029466217,0.7003738715512786,0.6703780485684234,0.7944494619213813,0.7249521505595917,0.7145159741292155,0.6627337143394088,0.7254507263933718,0.7643705662317057,0.8665225755951163,0.9499293630226335,0.7122891938456619,0.734823414635936
0.5247029204740286,0.6117324117785101,0.6107020918508241,0.6686331029466217,0.7003738715512786,0.6703780485684234,0.7944494619213813,0.7249521505595917,0.7145159741292155,0.6627337143394088,0.7254507263933718,0.7643705662317057,0.8665225755951163,0.9499293630226335,0.7122891938456619
0.5016036377659463,0.5247029204740286,0.6117324117785101,0.6107020918508241,0.6686331029466217,0.7003738715512786,0.6703780485684234,0.7944494619213813,0.7249521505595917,0.7145159741292155,0.6627337143394088,0.7254507263933718,0.7643705662317057,0.8665225755951163,0.9499293630226335
0.4823265171869118,0.5016036377659463,0.5247029204740286,0.6117324117785101,0.6107020918508241,0.6686331029466217,0.7003738715512786,0.6703780485684234,0.7944494619213813,0.7249521505595917,0.7145159741292155,0.6627337143394088,0.7254507263933718,0.7643705662317057,0.8665225755951163
0.5139177270007207,0.4823265171869118,0.5016036377659463,0.5247029204740286,0.6117324117785101,0.6107020918508241,0.6686331029466217,0.7003738715512786,0.6703780485684234,0.7944494619213813,0.7249521505595917,0.7145159741292155,0.6627337143394088,0.7254507263933718,0.7643705662317057
0.33392603796064235,0.5139177270007207,0.4823265171869118,0.5016036377659463,0.5247029204740286,0.6117324117785101,0.6107020918508241,0.6686331029466217,0.7003738715512786,0.6703780485684234,0.7944494619213813,0.7249521505595917,0.7145159741292155,0.6627337143394088,0.7254507263933718
0.3625924284195743,0.33392603796064235,0.5139177270007207,0.4823265171869118,0.5016036377659463,0.5247029204740286,0.6117324117785101,0.6107020918508241,0.6686331029466217,0.7003738715512786,0.6703780485684234,0.7944494619213813,0.7249521505595917,0.7145159741292155,0.6627337143394088
0.5127710165423118,0.3625924284195743,0.33392603796064235,0.5139177270007207,0.4823265171869118,0.5016036377659463,0.5247029204740286,0.6117324117785101,0.6107020918508241,0.6686331029466217,0.7003738715512786,0.6703780485684234,0.7944494619213813,0.7249521505595917,0.7145159741292155
0.5036808592586517,0.5127710165423118,0.3625924284195743,0.33392603796064235,0.5139177270007207,0.4823265171869118,0.5016036377659463,0.5247029204740286,0.6117324117785101,0.6107020918508241,0.6686331029466217,0.7003738715512786,0.6703780485684234,0.7944494619213813,0.7249521505595917
0.4611549021661461,0.5036808592586517,0.5127710165423118,0.3625924284195743,0.33392603796064235,0.5139177270007207,0.4823265171869118,0.5016036377659463,0.5247029204740286,0.6117324117785101,0.6107020918508241,0.6686331029466217,0.7003738715512786,0.6703780485684234,0.7944494619213813
0.43702529454491823,0.4611549021661461,0.5036808592586517,0.5127710165423118,0.3625924284195743,0.33392603796064235,0.5139177270007207,0.4823265171869118,0.5016036377659463,0.5247029204740286,0.6117324117785101,0.6107020918508241,0.6686331029466217,0.7003738715512786,0.6703780485684234
0.49050274507360836,0.43702529454491823,0.4611549021661461,0.5036808592586517,0.5127710165423118,0.3625924284195743,0.33392603796064235,0.5139177270007207,0.4823265171869118,0.5016036377659463,0.5247029204740286,0.6117324117785101,0.6107020918508241,0.6686331029466217,0.7003738715512786
0.46394674436750805,0.49050274507360836,0.43702529454491823,0.4611549021661461,0.5036808592586517,0.5127710165423118,0.3625924284195743,0.33392603796064235,0.5139177270007207,0.4823265171869118,0.5016036377659463,0.5247029204740286,0.6117324117785101,0.6107020918508241,0.6686331029466217
0.48830913305018053,0.46394674436750805,0.49050274507360836,0.43702529454491823,0.4611549021661461,0.5036808592586517,0.5127710165423118,0.3625924284195743,0.33392603796064235,0.5139177270007207,0.4823265171869118,0.5016036377659463,0.5247029204740286,0.6117324117785101,0.6107020918508241
0.5049272240612139,0.48830913305018053,0.46394674436750805,0.49050274507360836,0.43702529454491823,0.4611549021661461,0.5036808592586517,0.5127710165423118,0.3625924284195743,0.33392603796064235,0.5139177270007207,0.4823265171869118,0.5016036377659463,0.5247029204740286,0.6117324117785101
0.4593103071856499,0.5049272240612139,0.48830913305018053,0.46394674436750805,0.49050274507360836,0.43702529454491823,0.4611549021661461,0.5036808592586517,0.5127710165423118,0.3625924284195743,0.33392603796064235,0.5139177270007207,0.4823265171869118,0.5016036377659463,0.5247029204740286
0.38527620301523746,0.4593103071856499,0.5049272240612139,0.48830913305018053,0.46394674436750805,0.49050274507360836,0.43702529454491823,0.4611549021661461,0.5036808592586517,0.5127710165423118,0.3625924284195743,0.33392603796064235,0.5139177270007207,0.4823265171869118,0.5016036377659463
0.41146660005561353,0.38527620301523746,0.4593103071856499,0.5049272240612139,0.48830913305018053,0.46394674436750805,0.49050274507360836,0.43702529454491823,0.4611549021661461,0.5036808592586517,0.5127710165423118,0.3625924284195743,0.33392603796064235,0.5139177270007207,0.4823265171869118
0.48902359920960126,0.41146660005561353,0.38527620301523746,0.4593103071856499,0.5049272240612139,0.48830913305018053,0.46394674436750805,0.49050274507360836,0.43702529454491823,0.4611549021661461,0.5036808592586517,0.5127710165423118,0.3625924284195743,0.33392603796064235,0.5139177270007207
0.49061898105509516,0.48902359920960126,0.41146660005561353,0.38527620301523746,0.4593103071856499,0.5049272240612139,0.48830913305018053,0.46394674436750805,0.49050274507360836,0.43702529454491823,0.4611549021661461,0.5036808592586517,0.5127710165423118,0.3625924284195743,0.33392603796064235
0.4124470205220645,0.49061898105509516,0.48902359920960126,0.41146660005561353,0.38527620301523746,0.4593103071856499,0.5049272240612139,0.48830913305018053,0.46394674436750805,0.49050274507360836,0.43702529454491823,0.4611549021661461,0.5036808592586517,0.5127710165423118,0.3625924284195743
0.3802575805303221,0.4124470205220645,0.49061898105509516,0.48902359920960126,0.41146660005561353,0.38527620301523746,0.4593103071856499,0.5049272240612139,0.48830913305018053,0.46394674436750805,0.49050274507360836,0.43702529454491823,0.4611549021661461,0.5036808592586517,0.5127710165423118
0.3213459994042973,0.3802575805303221,0.4124470205220645,0.49061898105509516,0.48902359920960126,0.41146660005561353,0.38527620301523746,0.4593103071856499,0.5049272240612139,0.48830913305018053,0.46394674436750805,0.49050274507360836,0.43702529454491823,0.4611549021661461,0.5036808592586517
0.22580799935675588,0.3213459994042973,0.3802575805303221,0.4124470205220645,0.49061898105509516,0.48902359920960126,0.41146660005561353,0.38527620301523746,0.4593103071856499,0.5049272240612139,0.48830913305018053,0.46394674436750805,0.49050274507360836,0.43702529454491823,0.4611549021661461
0.2868467064221807,0.22580799935675588,0.3213459994042973,0.3802575805303221,0.4124470205220645,0.49061898105509516,0.48902359920960126,0.41146660005561353,0.38527620301523746,0.4593103071856499,0.5049272240612139,0.48830913305018053,0.46394674436750805,0.49050274507360836,0.43702529454491823
0.3019692244811092,0.2868467064221807,0.22580799935675588,0.3213459994042973,0.3802575805303221,0.4124470205220645,0.49061898105509516,0.48902359920960126,0.41146660005561353,0.38527620301523746,0.4593103071856499,0.5049272240612139,0.48830913305018053,0.46394674436750805,0.49050274507360836
0.4026090742696222,0.3019692244811092,0.2868467064221807,0.22580799935675588,0.3213459994042973,0.3802575805303221,0.4124470205220645,0.49061898105509516,0.48902359920960126,0.41146660005561353,0.38527620301523746,0.4593103071856499,0.5049272240612139,0.48830913305018053,0.46394674436750805
0.392538351941194,0.4026090742696222,0.3019692244811092,0.2868467064221807,0.22580799935675588,0.3213459994042973,0.3802575805303221,0.4124470205220645,0.49061898105509516,0.48902359920960126,0.41146660005561353,0.38527620301523746,0.4593103071856499,0.5049272240612139,0.48830913305018053
0.41832982250648443,0.392538351941194,0.4026090742696222,0.3019692244811092,0.2868467064221807,0.22580799935675588,0.3213459994042973,0.3802575805303221,0.4124470205220645,0.49061898105509516,0.48902359920960126,0.41146660005561353,0.38527620301523746,0.4593103071856499,0.5049272240612139
0.35085998273994123,0.41832982250648443,0.392538351941194,0.4026090742696222,0.3019692244811092,0.2868467064221807,0.22580799935675588,0.3213459994042973,0.3802575805303221,0.4124470205220645,0.49061898105509516,0.48902359920960126,0.41146660005561353,0.38527620301523746,0.4593103071856499
0.3491981148104193,0.35085998273994123,0.41832982250648443,0.392538351941194,0.4026090742696222,0.3019692244811092,0.2868467064221807,0.22580799935675588,0.3213459994042973,0.3802575805303221,0.4124470205220645,0.49061898105509516,0.48902359920960126,0.41146660005561353,0.38527620301523746
0.2931781847791457,0.3491981148104193,0.35085998273994123,0.41832982250648443,0.392538351941194,0.4026090742696222,0.3019692244811092,0.2868467064221807,0.22580799935675588,0.3213459994042973,0.3802575805303221,0.4124470205220645,0.49061898105509516,0.48902359920960126,0.41146660005561353
0.32611541373967023,0.2931781847791457,0.3491981148104193,0.35085998273994123,0.41832982250648443,0.392538351941194,0.4026090742696222,0.3019692244811092,0.2868467064221807,0.22580799935675588,0.3213459994042973,0.3802575805303221,0.4124470205220645,0.49061898105509516,0.48902359920960126
0.3835645851882563,0.32611541373967023,0.2931781847791457,0.3491981148104193,0.35085998273994123,0.41832982250648443,0.392538351941194,0.4026090742696222,0.3019692244811092,0.2868467064221807,0.22580799935675588,0.3213459994042973,0.3802575805303221,0.4124470205220645,0.49061898105509516
0.3492146964477525,0.3835645851882563,0.32611541373967023,0.2931781847791457,0.3491981148104193,0.35085998273994123,0.41832982250648443,0.392538351941194,0.4026090742696222,0.3019692244811092,0.2868467064221807,0.22580799935675588,0.3213459994042973,0.3802575805303221,0.4124470205220645
0.27783962184534094,0.3492146964477525,0.3835645851882563,0.32611541373967023,0.2931781847791457,0.3491981148104193,0.35085998273994123,0.41832982250648443,0.392538351941194,0.4026090742696222,0.3019692244811092,0.2868467064221807,0.22580799935675588,0.3213459994042973,0.3802575805303221
0.22968006593249846,0.27783962184534094,0.3492146964477525,0.3835645851882563,0.32611541373967023,0.2931781847791457,0.3491981148104193,0.35085998273994123,0.41832982250648443,0.392538351941194,0.4026090742696222,0.3019692244811092,0.2868467064221807,0.22580799935675588,0.3213459994042973
0.28870788304001005,0.22968006593249846,0.27783962184534094,0.3492146964477525,0.3835645851882563,0.32611541373967023,0.2931781847791457,0.3491981148104193,0.35085998273994123,0.41832982250648443,0.392538351941194,0.4026090742696222,0.3019692244811092,0.2868467064221807,0.22580799935675588
0.3524220467615333,0.28870788304001005,0.22968006593249846,0.27783962184534094,0.3492146964477525,0.3835645851882563,0.32611541373967023,0.2931781847791457,0.3491981148104193,0.35085998273994123,0.41832982250648443,0.392538351941194,0.4026090742696222,0.3019692244811092,0.2868467064221807
0.40455332359427176,0.3524220467615333,0.28870788304001005,0.22968006593249846,0.27783962184534094,0.3492146964477525,0.3835645851882563,0.32611541373967023,0.2931781847791457,0.3491981148104193,0.35085998273994123,0.41832982250648443,0.392538351941194,0.4026090742696222,0.3019692244811092
0.460706225793601,0.40455332359427176,0.3524220467615333,0.28870788304001005,0.22968006593249846,0.27783962184534094,0.3492146964477525,0.3835645851882563,0.32611541373967023,0.2931781847791457,0.3491981148104193,0.35085998273994123,0.41832982250648443,0.392538351941194,0.4026090742696222
0.48691320945676986,0.460706225793601,0.40455332359427176,0.3524220467615333,0.28870788304001005,0.22968006593249846,0.27783962184534094,0.3492146964477525,0.3835645851882563,0.32611541373967023,0.2931781847791457,0.3491981148104193,0.35085998273994123,0.41832982250648443,0.392538351941194
0.6079268312867956,0.48691320945676986,0.460706225793601,0.40455332359427176,0.3524220467615333,0.28870788304001005,0.22968006593249846,0.27783962184534094,0.3492146964477525,0.3835645851882563,0.32611541373967023,0.2931781847791457,0.3491981148104193,0.35085998273994123,0.41832982250648443
0.6164520762164238,0.6079268312867956,0.48691320945676986,0.460706225793601,0.40455332359427176,0.3524220467615333,0.28870788304001005,0.22968006593249846,0.27783962184534094,0.3492146964477525,0.3835645851882563,0.32611541373967023,0.2931781847791457,0.3491981148104193,0.35085998273994123
0.641063523484863,0.6164520762164238,0.6079268312867956,0.48691320945676986,0.460706225793601,0.40455332359427176,0.3524220467615333,0.28870788304001005,0.22968006593249846,0.27783962184534094,0.3492146964477525,0.3835645851882563,0.32611541373967023,0.2931781847791457,0.3491981148104193
0.6356128062647357,0.641063523484863,0.6164520762164238,0.6079268312867956,0.48691320945676986,0.460706225793601,0.40455332359427176,0.3524220467615333,0.28870788304001005,0.22968006593249846,0.27783962184534094,0.3492146964477525,0.3835645851882563,0.32611541373967023,0.2931781847791457
0.7705524857978225,0.6356128062647357,0.641063523484863,0.6164520762164238,0.6079268312867956,0.48691320945676986,0.460706225793601,0.40455332359427176,0.3524220467615333,0.28870788304001005,0.22968006593249846,0.27783962184534094,0.3492146964477525,0.3835645851882563,0.32611541373967023
0.7833984736757382,0.7705524857978225,0.6356128062647357,0.641063523484863,0.6164520762164238,0.6079268312867956,0.48691320945676986,0.460706225793601,0.40455332359427176,0.3524220467615333,0.28870788304001005,0.22968006593249846,0.27783962184534094,0.3492146964477525,0.3835645851882563
0.7741254397773276,0.7833984736757382,0.7705524857978225,0.6356128062647357,0.641063523484863,0.6164520762164238,0.6079268312867956,0.48691320945676986,0.460706225793601,0.40455332359427176,0.3524220467615333,0.28870788304001005,0.22968006593249846,0.27783962184534094,0.3492146964477525
0.7468882907357086,0.7741254397773276,0.7833984736757382,0.7705524857978225,0.6356128062647357,0.641063523484863,0.6164520762164238,0.6079268312867956,0.48691320945676986,0.460706225793601,0.40455332359427176,0.3524220467615333,0.28870788304001005,0.22968006593249846,0.27783962184534094
0.7585043458846188,0.7468882907357086,0.7741254397773276,0.7833984736757382,0.7705524857978225,0.6356128062647357,0.641063523484863,0.6164520762164238,0.6079268312867956,0.48691320945676986,0.460706225793601,0.40455332359427176,0.3524220467615333,0.28870788304001005,0.22968006593249846
0.8596427715069119,0.7585043458846188,0.7468882907357086,0.7741254397773276,0.7833984736757382,0.7705524857978225,0.6356128062647357,0.641063523484863,0.6164520762164238,0.6079268312867956,0.48691320945676986,0.460706225793601,0.40455332359427176,0.3524220467615333,0.28870788304001005
0.7695886519541644,0.8596427715069119,0.7585043458846188,0.7468882907357086,0.7741254397773276,0.7833984736757382,0.7705524857978225,0.6356128062647357,0.641063523484863,0.6164520762164238,0.6079268312867956,0.48691320945676986,0.460706225793601,0.40455332359427176,0.3524220467615333
0.6939759071102858,0.7695886519541644,0.8596427715069119,0.7585043458846188,0.7468882907357086,0.7741254397773276,0.7833984736757382,0.7705524857978225,0.6356128062647357,0.641063523484863,0.6164520762164238,0.6079268312867956,0.48691320945676986,0.460706225793601,0.40455332359427176
0.7130868822756793,0.6939759071102858,0.7695886519541644,0.8596427715069119,0.7585043458846188,0.7468882907357086,0.7741254397773276,0.7833984736757382,0.7705524857978225,0.6356128062647357,0.641063523484863,0.6164520762164238,0.6079268312867956,0.48691320945676986,0.460706225793601
0.6602907396172029,0.7130868822756793,0.6939759071102858,0.7695886519541644,0.8596427715069119,0.7585043458846188,0.7468882907357086,0.7741254397773276,0.7833984736757382,0.7705524857978225,0.6356128062647357,0.641063523484863,0.6164520762164238,0.6079268312867956,0.48691320945676986
0.5779310083039404,0.6602907396172029,0.7130868822756793,0.6939759071102858,0.7695886519541644,0.8596427715069119,0.7585043458846188,0.7468882907357086,0.7741254397773276,0.7833984736757382,0.7705524857978225,0.6356128062647357,0.641063523484863,0.6164520762164238,0.6079268312867956
0.5962442900538572,0.5779310083039404,0.6602907396172029,0.7130868822756793,0.6939759071102858,0.7695886519541644,0.8596427715069119,0.7585043458846188,0.7468882907357086,0.7741254397773276,0.7833984736757382,0.7705524857978225,0.6356128062647357,0.641063523484863,0.6164520762164238
0.6551059717186465,0.5962442900538572,0.5779310083039404,0.6602907396172029,0.7130868822756793,0.6939759071102858,0.7695886519541644,0.8596427715069119,0.7585043458846188,0.7468882907357086,0.7741254397773276,0.7833984736757382,0.7705524857978225,0.6356128062647357,0.641063523484863
0.5930037764654099,0.6551059717186465,0.5962442900538572,0.5779310083039404,0.6602907396172029,0.7130868822756793,0.6939759071102858,0.7695886519541644,0.8596427715069119,0.7585043458846188,0.7468882907357086,0.7741254397773276,0.7833984736757382,0.7705524857978225,0.6356128062647357
0.6250602393036373,0.5930037764654099,0.6551059717186465,0.5962442900538572,0.5779310083039404,0.6602907396172029,0.7130868822756793,0.6939759071102858,0.7695886519541644,0.8596427715069119,0.7585043458846188,0.7468882907357086,0.7741254397773276,0.7833984736757382,0.7705524857978225
0.6647112864734201,0.6250602393036373,0.5930037764654099,0.6551059717186465,0.5962442900538572,0.5779310083039404,0.6602907396172029,0.7130868822756793,0.6939759071102858,0.7695886519541644,0.8596427715069119,0.7585043458846188,0.7468882907357086,0.7741254397773276,0.7833984736757382
0.5800415476205478,0.6647112864734201,0.6250602393036373,0.5930037764654099,0.6551059717186465,0.5962442900538572,0.5779310083039404,0.6602907396172029,0.7130868822756793,0.6939759071102858,0.7695886519541644,0.8596427715069119,0.7585043458846188,0.7468882907357086,0.7741254397773276
0.6325218464816778,0.5800415476205478,0.6647112864734201,0.6250602393036373,0.5930037764654099,0.6551059717186465,0.5962442900538572,0.5779310083039404,0.6602907396172029,0.7130868822756793,0.6939759071102858,0.7695886519541644,0.8596427715069119,0.7585043458846188,0.7468882907357086
0.6263231907289921,0.6325218464816778,0.5800415476205478,0.6647112864734201,0.6250602393036373,0.5930037764654099,0.6551059717186465,0.5962442900538572,0.5779310083039404,0.6602907396172029,0.7130868822756793,0.6939759071102858,0.7695886519541644,0.8596427715069119,0.7585043458846188
0.6146406494960537,0.6263231907289921,0.6325218464816778,0.5800415476205478,0.6647112864734201,0.6250602393036373,0.5930037764654099,0.6551059717186465,0.5962442900538572,0.5779310083039404,0.6602907396172029,0.7130868822756793,0.6939759071102858,0.7695886519541644,0.8596427715069119
0.41256341105278693,0.6146406494960537,0.6263231907289921,0.6325218464816778,0.5800415476205478,0.6647112864734201,0.6250602393036373,0.5930037764654099,0.6551059717186465,0.5962442900538572,0.5779310083039404,0.6602907396172029,0.7130868822756793,0.6939759071102858,0.7695886519541644
0.42102201534915196,0.41256341105278693,0.6146406494960537,0.6263231907289921,0.6325218464816778,0.5800415476205478,0.6647112864734201,0.6250602393036373,0.5930037764654099,0.6551059717186465,0.5962442900538572,0.5779310083039404,0.6602907396172029,0.7130868822756793,0.6939759071102858
0.4143746832239217,0.42102201534915196,0.41256341105278693,0.6146406494960537,0.6263231907289921,0.6325218464816778,0.5800415476205478,0.6647112864734201,0.6250602393036373,0.5930037764654099,0.6551059717186465,0.5962442900538572,0.5779310083039404,0.6602907396172029,0.7130868822756793
0.40315740000086153,0.4143746832239217,0.42102201534915196,0.41256341105278693,0.6146406494960537,0.6263231907289921,0.6325218464816778,0.5800415476205478,0.6647112864734201,0.6250602393036373,0.5930037764654099,0.6551059717186465,0.5962442900538572,0.5779310083039404,0.6602907396172029
0.4566348505295512,0.40315740000086153,0.4143746832239217,0.42102201534915196,0.41256341105278693,0.6146406494960537,0.6263231907289921,0.6325218464816778,0.5800415476205478,0.6647112864734201,0.6250602393036373,0.5930037764654099,0.6551059717186465,0.5962442900538572,0.5779310083039404
0.46712093140662203,0.4566348505295512,0.40315740000086153,0.4143746832239217,0.42102201534915196,0.41256341105278693,0.6146406494960537,0.6263231907289921,0.6325218464816778,0.5800415476205478,0.6647112864734201,0.6250602393036373,0.5930037764654099,0.6551059717186465,0.5962442900538572
0.5391940450803567,0.46712093140662203,0.4566348505295512,0.40315740000086153,0.4143746832239217,0.42102201534915196,0.41256341105278693,0.6146406494960537,0.6263231907289921,0.6325218464816778,0.5800415476205478,0.6647112864734201,0.6250602393036373,0.5930037764654099,0.6551059717186465
0.4073451707810929,0.5391940450803567,0.46712093140662203,0.4566348505295512,0.40315740000086153,0.4143746832239217,0.42102201534915196,0.41256341105278693,0.6146406494960537,0.6263231907289921,0.6325218464816778,0.5800415476205478,0.6647112864734201,0.6250602393036373,0.5930037764654099
0.39466547788059425,0.4073451707810929,0.5391940450803567,0.46712093140662203,0.4566348505295512,0.40315740000086153,0.4143746832239217,0.42102201534915196,0.41256341105278693,0.6146406494960537,0.6263231907289921,0.6325218464816778,0.5800415476205478,0.6647112864734201,0.6250602393036373
0.2641461906544895,0.39466547788059425,0.4073451707810929,0.5391940450803567,0.46712093140662203,0.4566348505295512,0.40315740000086153,0.4143746832239217,0.42102201534915196,0.41256341105278693,0.6146406494960537,0.6263231907289921,0.6325218464816778,0.5800415476205478,0.6647112864734201
0.28563350987974445,0.2641461906544895,0.39466547788059425,0.4073451707810929,0.5391940450803567,0.46712093140662203,0.4566348505295512,0.40315740000086153,0.4143746832239217,0.42102201534915196,0.41256341105278693,0.6146406494960537,0.6263231907289921,0.6325218464816778,0.5800415476205478
0.1758869959521261,0.28563350987974445,0.2641461906544895,0.39466547788059425,0.4073451707810929,0.5391940450803567,0.46712093140662203,0.4566348505295512,0.40315740000086153,0.4143746832239217,0.42102201534915196,0.41256341105278693,0.6146406494960537,0.6263231907289921,0.6325218464816778
0.16591607753162818,0.1758869959521261,0.28563350987974445,0.2641461906544895,0.39466547788059425,0.4073451707810929,0.5391940450803567,0.46712093140662203,0.4566348505295512,0.40315740000086153,0.4143746832239217,0.42102201534915196,0.41256341105278693,0.6146406494960537,0.6263231907289921
0.23503112880847188,0.16591607753162818,0.1758869959521261,0.28563350987974445,0.2641461906544895,0.39466547788059425,0.4073451707810929,0.5391940450803567,0.46712093140662203,0.4566348505295512,0.40315740000086153,0.4143746832239217,0.42102201534915196,0.41256341105278693,0.6146406494960537
0.1598836369890122,0.23503112880847188,0.16591607753162818,0.1758869959521261,0.28563350987974445,0.2641461906544895,0.39466547788059425,0.4073451707810929,0.5391940450803567,0.46712093140662203,0.4566348505295512,0.40315740000086153,0.4143746832239217,0.42102201534915196,0.41256341105278693
0.22176978736737274,0.1598836369890122,0.23503112880847188,0.16591607753162818,0.1758869959521261,0.28563350987974445,0.2641461906544895,0.39466547788059425,0.4073451707810929,0.5391940450803567,0.46712093140662203,0.4566348505295512,0.40315740000086153,0.4143746832239217,0.42102201534915196
0.13568754826921592,0.22176978736737274,0.1598836369890122,0.23503112880847188,0.16591607753162818,0.1758869959521261,0.28563350987974445,0.2641461906544895,0.39466547788059425,0.4073451707810929,0.5391940450803567,0.46712093140662203,0.4566348505295512,0.40315740000086153,0.4143746832239217
0.1350394136445876,0.13568754826921592,0.22176978736737274,0.1598836369890122,0.23503112880847188,0.16591607753162818,0.1758869959521261,0.28563350987974445,0.2641461906544895,0.39466547788059425,0.4073451707810929,0.5391940450803567,0.46712093140662203,0.4566348505295512,0.40315740000086153
0.05939342077323584,0.1350394136445876,0.13568754826921592,0.22176978736737274,0.1598836369890122,0.23503112880847188,0.16591607753162818,0.1758869959521261,0.28563350987974445,0.2641461906544895,0.39466547788059425,0.4073451707810929,0.5391940450803567,0.46712093140662203,0.4566348505295512
0.07767338968470994,0.05939342077323584,0.1350394136445876,0.13568754826921592,0.22176978736737274,0.1598836369890122,0.23503112880847188,0.16591607753162818,0.1758869959521261,0.28563350987974445,0.2641461906544895,0.39466547788059425,0.4073451707810929,0.5391940450803567,0.46712093140662203
0.0,0.07767338968470994,0.05939342077323584,0.1350394136445876,0.13568754826921592,0.22176978736737274,0.1598836369890122,0.23503112880847188,0.16591607753162818,0.1758869959521261,0.28563350987974445,0.2641461906544895,0.39466547788059425,0.4073451707810929,0.5391940450803567
0.05091815507219022,0.0,0.07767338968470994,0.05939342077323584,0.1350394136445876,0.13568754826921592,0.22176978736737274,0.1598836369890122,0.23503112880847188,0.16591607753162818,0.1758869959521261,0.28563350987974445,0.2641461906544895,0.39466547788059425,0.4073451707810929
0.13223098482043327,0.05091815507219022,0.0,0.07767338968470994,0.05939342077323584,0.1350394136445876,0.13568754826921592,0.22176978736737274,0.1598836369890122,0.23503112880847188,0.16591607753162818,0.1758869959521261,0.28563350987974445,0.2641461906544895,0.39466547788059425
0.2184794441141189,0.13223098482043327,0.05091815507219022,0.0,0.07767338968470994,0.05939342077323584,0.1350394136445876,0.13568754826921592,0.22176978736737274,0.1598836369890122,0.23503112880847188,0.16591607753162818,0.1758869959521261,0.28563350987974445,0.2641461906544895
0.21620267961652306,0.2184794441141189,0.13223098482043327,0.05091815507219022,0.0,0.07767338968470994,0.05939342077323584,0.1350394136445876,0.13568754826921592,0.22176978736737274,0.1598836369890122,0.23503112880847188,0.16591607753162818,0.1758869959521261,0.28563350987974445
0.18647272618789135,0.21620267961652306,0.2184794441141189,0.13223098482043327,0.05091815507219022,0.0,0.07767338968470994,0.05939342077323584,0.1350394136445876,0.13568754826921592,0.22176978736737274,0.1598836369890122,0.23503112880847188,0.16591607753162818,0.1758869959521261
0.24402163174797842,0.18647272618789135,0.21620267961652306,0.2184794441141189,0.13223098482043327,0.05091815507219022,0.0,0.07767338968470994,0.05939342077323584,0.1350394136445876,0.13568754826921592,0.22176978736737274,0.1598836369890122,0.23503112880847188,0.16591607753162818
0.12528454009896572,0.24402163174797842,0.18647272618789135,0.21620267961652306,0.2184794441141189,0.13223098482043327,0.05091815507219022,0.0,0.07767338968470994,0.05939342077323584,0.1350394136445876,0.13568754826921592,0.22176978736737274,0.1598836369890122,0.23503112880847188
0.14404649822142734,0.12528454009896572,0.24402163174797842,0.18647272618789135,0.21620267961652306,0.2184794441141189,0.13223098482043327,0.05091815507219022,0.0,0.07767338968470994,0.05939342077323584,0.1350394136445876,0.13568754826921592,0.22176978736737274,0.1598836369890122
0.14707104670234594,0.14404649822142734,0.12528454009896572,0.24402163174797842,0.18647272618789135,0.21620267961652306,0.2184794441141189,0.13223098482043327,0.05091815507219022,0.0,0.07767338968470994,0.05939342077323584,0.1350394136445876,0.13568754826921592,0.22176978736737274
0.1619276952070512,0.14707104670234594,0.14404649822142734,0.12528454009896572,0.24402163174797842,0.18647272618789135,0.21620267961652306,0.2184794441141189,0.13223098482043327,0.05091815507219022,0.0,0.07767338968470994,0.05939342077323584,0.1350394136445876,0.13568754826921592
0.15115908337107653,0.1619276952070512,0.14707104670234594,0.14404649822142734,0.12528454009896572,0.24402163174797842,0.18647272618789135,0.21620267961652306,0.2184794441141189,0.13223098482043327,0.05091815507219022,0.0,0.07767338968470994,0.05939342077323584,0.1350394136445876
0.11388445504304312,0.15115908337107653,0.1619276952070512,0.14707104670234594,0.14404649822142734,0.12528454009896572,0.24402163174797842,0.18647272618789135,0.21620267961652306,0.2184794441141189,0.13223098482043327,0.05091815507219022,0.0,0.07767338968470994,0.05939342077323584
0.031657621115948276,0.11388445504304312,0.15115908337107653,0.1619276952070512,0.14707104670234594,0.14404649822142734,0.12528454009896572,0.24402163174797842,0.18647272618789135,0.21620267961652306,0.2184794441141189,0.13223098482043327,0.05091815507219022,0.0,0.07767338968470994
0.05734936255519685,0.031657621115948276,0.11388445504304312,0.15115908337107653,0.1619276952070512,0.14707104670234594,0.14404649822142734,0.12528454009896572,0.24402163174797842,0.18647272618789135,0.21620267961652306,0.2184794441141189,0.13223098482043327,0.05091815507219022,0.0
0.11772327857677167,0.05734936255519685,0.031657621115948276,0.11388445504304312,0.15115908337107653,0.1619276952070512,0.14707104670234594,0.14404649822142734,0.12528454009896572,0.24402163174797842,0.18647272618789135,0.21620267961652306,0.2184794441141189,0.13223098482043327,0.05091815507219022
0.01851267020557157,0.11772327857677167,0.05734936255519685,0.031657621115948276,0.11388445504304312,0.15115908337107653,0.1619276952070512,0.14707104670234594,0.14404649822142734,0.12528454009896572,0.24402163174797842,0.18647272618789135,0.21620267961652306,0.2184794441141189,0.13223098482043327
0.03675939607503165,0.01851267020557157,0.11772327857677167,0.05734936255519685,0.031657621115948276,0.11388445504304312,0.15115908337107653,0.1619276952070512,0.14707104670234594,0.14404649822142734,0.12528454009896572,0.24402163174797842,0.18647272618789135,0.21620267961652306,0.2184794441141189
0.13784791725062995,0.03675939607503165,0.01851267020557157,0.11772327857677167,0.05734936255519685,0.031657621115948276,0.11388445504304312,0.15115908337107653,0.1619276952070512,0.14707104670234594,0.14404649822142734,0.12528454009896572,0.24402163174797842,0.18647272618789135,0.21620267961652306
0.13311174595727104,0.13784791725062995,0.03675939607503165,0.01851267020557157,0.11772327857677167,0.05734936255519685,0.031657621115948276,0.11388445504304312,0.15115908337107653,0.1619276952070512,0.14707104670234594,0.14404649822142734,0.12528454009896572,0.24402163174797842,0.18647272618789135
0.1280432140402017,0.13311174595727104,0.13784791725062995,0.03675939607503165,0.01851267020557157,0.11772327857677167,0.05734936255519685,0.031657621115948276,0.11388445504304312,0.15115908337107653,0.1619276952070512,0.14707104670234594,0.14404649822142734,0.12528454009896572,0.24402163174797842
0.18107183863257048,0.1280432140402017,0.13311174595727104,0.13784791725062995,0.03675939607503165,0.01851267020557157,0.11772327857677167,0.05734936255519685,0.031657621115948276,0.11388445504304312,0.15115908337107653,0.1619276952070512,0.14707104670234594,0.14404649822142734,0.12528454009896572
0.17714994239202153,0.18107183863257048,0.1280432140402017,0.13311174595727104,0.13784791725062995,0.03675939607503165,0.01851267020557157,0.11772327857677167,0.05734936255519685,0.031657621115948276,0.11388445504304312,0.15115908337107653,0.1619276952070512,0.14707104670234594,0.14404649822142734
0.11604482402445715,0.17714994239202153,0.18107183863257048,0.1280432140402017,0.13311174595727104,0.13784791725062995,0.03675939607503165,0.01851267020557157,0.11772327857677167,0.05734936255519685,0.031657621115948276,0.11388445504304312,0.15115908337107653,0.1619276952070512,0.14707104670234594
0.09523888246584478,0.11604482402445715,0.17714994239202153,0.18107183863257048,0.1280432140402017,0.13311174595727104,0.13784791725062995,0.03675939607503165,0.01851267020557157,0.11772327857677167,0.05734936255519685,0.031657621115948276,0.11388445504304312,0.15115908337107653,0.1619276952070512
0.07521390312159948,0.09523888246584478,0.11604482402445715,0.17714994239202153,0.18107183863257048,0.1280432140402017,0.13311174595727104,0.13784791725062995,0.03675939607503165,0.01851267020557157,0.11772327857677167,0.05734936255519685,0.031657621115948276,0.11388445504304312,0.15115908337107653
0.08912337420186778,0.07521390312159948,0.09523888246584478,0.11604482402445715,0.17714994239202153,0.18107183863257048,0.1280432140402017,0.13311174595727104,0.13784791725062995,0.03675939607503165,0.01851267020557157,0.11772327857677167,0.05734936255519685,0.031657621115948276,0.11388445504304312
0.11805563920048212,0.08912337420186778,0.07521390312159948,0.09523888246584478,0.11604482402445715,0.17714994239202153,0.18107183863257048,0.1280432140402017,0.13311174595727104,0.13784791725062995,0.03675939607503165,0.01851267020557157,0.11772327857677167,0.05734936255519685,0.031657621115948276
0.11140838185714008,0.11805563920048212,0.08912337420186778,0.07521390312159948,0.09523888246584478,0.11604482402445715,0.17714994239202153,0.18107183863257048,0.1280432140402017,0.13311174595727104,0.13784791725062995,0.03675939607503165,0.01851267020557157,0.11772327857677167,0.05734936255519685
0.17527210436951157,0.11140838185714008,0.11805563920048212,0.08912337420186778,0.07521390312159948,0.09523888246584478,0.11604482402445715,0.17714994239202153,0.18107183863257048,0.1280432140402017,0.13311174595727104,0.13784791725062995,0.03675939607503165,0.01851267020557157,0.11772327857677167
0.20628166564271977,0.17527210436951157,0.11140838185714008,0.11805563920048212,0.08912337420186778,0.07521390312159948,0.09523888246584478,0.11604482402445715,0.17714994239202153,0.18107183863257048,0.1280432140402017,0.13311174595727104,0.13784791725062995,0.03675939607503165,0.01851267020557157
0.12442043538134917,0.20628166564271977,0.17527210436951157,0.11140838185714008,0.11805563920048212,0.08912337420186778,0.07521390312159948,0.09523888246584478,0.11604482402445715,0.17714994239202153,0.18107183863257048,0.1280432140402017,0.13311174595727104,0.13784791725062995,0.03675939607503165
0.11807229561970378,0.12442043538134917,0.20628166564271977,0.17527210436951157,0.11140838185714008,0.11805563920048212,0.08912337420186778,0.07521390312159948,0.09523888246584478,0.11604482402445715,0.17714994239202153,0.18107183863257048,0.1280432140402017,0.13311174595727104,0.13784791725062995
0.13786449888796337,0.11807229561970378,0.12442043538134917,0.20628166564271977,0.17527210436951157,0.11140838185714008,0.11805563920048212,0.08912337420186778,0.07521390312159948,0.09523888246584478,0.11604482402445715,0.17714994239202153,0.18107183863257048,0.1280432140402017,0.13311174595727104
0.14421271343149722,0.13786449888796337,0.11807229561970378,0.12442043538134917,0.20628166564271977,0.17527210436951157,0.11140838185714008,0.11805563920048212,0.08912337420186778,0.07521390312159948,0.09523888246584478,0.11604482402445715,0.17714994239202153,0.18107183863257048,0.1280432140402017
0.15295385367222525,0.14421271343149722,0.13786449888796337,0.11807229561970378,0.12442043538134917,0.20628166564271977,0.17527210436951157,0.11140838185714008,0.11805563920048212,0.08912337420186778,0.07521390312159948,0.09523888246584478,0.11604482402445715,0.17714994239202153,0.18107183863257048
0.15534684916584873,0.15295385367222525,0.14421271343149722,0.13786449888796337,0.11807229561970378,0.12442043538134917,0.20628166564271977,0.17527210436951157,0.11140838185714008,0.11805563920048212,0.08912337420186778,0.07521390312159948,0.09523888246584478,0.11604482402445715,0.17714994239202153
0.1801910774957327,0.15534684916584873,0.15295385367222525,0.14421271343149722,0.13786449888796337,0.11807229561970378,0.12442043538134917,0.20628166564271977,0.17527210436951157,0.11140838185714008,0.11805563920048212,0.08912337420186778,0.07521390312159948,0.09523888246584478,0.11604482402445715
0.19001243712538263,0.1801910774957327,0.15534684916584873,0.15295385367222525,0.14421271343149722,0.13786449888796337,0.11807229561970378,0.12442043538134917,0.20628166564271977,0.17527210436951157,0.11140838185714008,0.11805563920048212,0.08912337420186778,0.07521390312159948,0.09523888246584478
0.3106937780990451,0.19001243712538263,0.1801910774957327,0.15534684916584873,0.15295385367222525,0.14421271343149722,0.13786449888796337,0.11807229561970378,0.12442043538134917,0.20628166564271977,0.17527210436951157,0.11140838185714008,0.11805563920048212,0.08912337420186778,0.07521390312159948
0.31336938431892003,0.3106937780990451,0.19001243712538263,0.1801910774957327,0.15534684916584873,0.15295385367222525,0.14421271343149722,0.13786449888796337,0.11807229561970378,0.12442043538134917,0.20628166564271977,0.17527210436951157,0.11140838185714008,0.11805563920048212,0.08912337420186778
0.2943746451350133,0.31336938431892003,0.3106937780990451,0.19001243712538263,0.1801910774957327,0.15534684916584873,0.15295385367222525,0.14421271343149722,0.13786449888796337,0.11807229561970378,0.12442043538134917,0.20628166564271977,0.17527210436951157,0.11140838185714008,0.11805563920048212
0.24664717897192312,0.2943746451350133,0.31336938431892003,0.3106937780990451,0.19001243712538263,0.1801910774957327,0.15534684916584873,0.15295385367222525,0.14421271343149722,0.13786449888796337,0.11807229561970378,0.12442043538134917,0.20628166564271977,0.17527210436951157,0.11140838185714008
0.3262152176476001,0.24664717897192312,0.2943746451350133,0.31336938431892003,0.3106937780990451,0.19001243712538263,0.1801910774957327,0.15534684916584873,0.15295385367222525,0.14421271343149722,0.13786449888796337,0.11807229561970378,0.12442043538134917,0.20628166564271977,0.17527210436951157
0.3565267448349445,0.3262152176476001,0.24664717897192312,0.2943746451350133,0.31336938431892003,0.3106937780990451,0.19001243712538263,0.1801910774957327,0.15534684916584873,0.15295385367222525,0.14421271343149722,0.13786449888796337,0.11807229561970378,0.12442043538134917,0.20628166564271977
0.4375404570014909,0.3565267448349445,0.3262152176476001,0.24664717897192312,0.2943746451350133,0.31336938431892003,0.3106937780990451,0.19001243712538263,0.1801910774957327,0.15534684916584873,0.15295385367222525,0.14421271343149722,0.13786449888796337,0.11807229561970378,0.12442043538134917
0.4381720050033271,0.4375404570014909,0.3565267448349445,0.3262152176476001,0.24664717897192312,0.2943746451350133,0.31336938431892003,0.3106937780990451,0.19001243712538263,0.1801910774957327,0.15534684916584873,0.15295385367222525,0.14421271343149722,0.13786449888796337,0.11807229561970378
0.45467386501833285,0.4381720050033271,0.4375404570014909,0.3565267448349445,0.3262152176476001,0.24664717897192312,0.2943746451350133,0.31336938431892003,0.3106937780990451,0.19001243712538263,0.1801910774957327,0.15534684916584873,0.15295385367222525,0.14421271343149722,0.13786449888796337
0.488624827283751,0.45467386501833285,0.4381720050033271,0.4375404570014909,0.3565267448349445,0.3262152176476001,0.24664717897192312,0.2943746451350133,0.31336938431892003,0.3106937780990451,0.19001243712538263,0.1801910774957327,0.15534684916584873,0.15295385367222525,0.14421271343149722
0.4947901652125344,0.488624827283751,0.45467386501833285,0.4381720050033271,0.4375404570014909,0.3565267448349445,0.3262152176476001,0.24664717897192312,0.2943746451350133,0.31336938431892003,0.3106937780990451,0.19001243712538263,0.1801910774957327,0.15534684916584873,0.15295385367222525
0.3927711280171797,0.4947901652125344,0.488624827283751,0.45467386501833285,0.4381720050033271,0.4375404570014909,0.3565267448349445,0.3262152176476001,0.24664717897192312,0.2943746451350133,0.31336938431892003,0.3106937780990451,0.19001243712538263,0.1801910774957327,0.15534684916584873
0.4040049978630327,0.3927711280171797,0.4947901652125344,0.488624827283751,0.45467386501833285,0.4381720050033271,0.4375404570014909,0.3565267448349445,0.3262152176476001,0.24664717897192312,0.2943746451350133,0.31336938431892003,0.3106937780990451,0.19001243712538263,0.1801910774957327
0.36865811200420406,0.4040049978630327,0.3927711280171797,0.4947901652125344,0.488624827283751,0.45467386501833285,0.4381720050033271,0.4375404570014909,0.3565267448349445,0.3262152176476001,0.24664717897192312,0.2943746451350133,0.31336938431892003,0.3106937780990451,0.19001243712538263
0.42361439929843003,0.36865811200420406,0.4040049978630327,0.3927711280171797,0.4947901652125344,0.488624827283751,0.45467386501833285,0.4381720050033271,0.4375404570014909,0.3565267448349445,0.3262152176476001,0.24664717897192312,0.2943746451350133,0.31336938431892003,0.3106937780990451
0.3850934809497226,0.42361439929843003,0.36865811200420406,0.4040049978630327,0.3927711280171797,0.4947901652125344,0.488624827283751,0.45467386501833285,0.4381720050033271,0.4375404570014909,0.3565267448349445,0.3262152176476001,0.24664717897192312,0.2943746451350133,0.31336938431892003
0.4518986044543041,0.3850934809497226,0.42361439929843003,0.36865811200420406,0.4040049978630327,0.3927711280171797,0.4947901652125344,0.488624827283751,0.45467386501833285,0.4381720050033271,0.4375404570014909,0.3565267448349445,0.3262152176476001,0.24664717897192312,0.2943746451350133
0.49821356040119125,0.4518986044543041,0.3850934809497226,0.42361439929843003,0.36865811200420406,0.4040049978630327,0.3927711280171797,0.4947901652125344,0.488624827283751,0.45467386501833285,0.4381720050033271,0.4375404570014909,0.3565267448349445,0.3262152176476001,0.24664717897192312
0.4844702297491046,0.49821356040119125,0.4518986044543041,0.3850934809497226,0.42361439929843003,0.36865811200420406,0.4040049978630327,0.3927711280171797,0.4947901652125344,0.488624827283751,0.45467386501833285,0.4381720050033271,0.4375404570014909,0.3565267448349445,0.3262152176476001
0.4716743008671187,0.4844702297491046,0.49821356040119125,0.4518986044543041,0.3850934809497226,0.42361439929843003,0.36865811200420406,0.4040049978630327,0.3927711280171797,0.4947901652125344,0.488624827283751,0.45467386501833285,0.4381720050033271,0.4375404570014909,0.3565267448349445
0.46605728866957463,0.4716743008671187,0.4844702297491046,0.49821356040119125,0.4518986044543041,0.3850934809497226,0.42361439929843003,0.36865811200420406,0.4040049978630327,0.3927711280171797,0.4947901652125344,0.488624827283751,0.45467386501833285,0.4381720050033271,0.4375404570014909
0.4351307951177277,0.46605728866957463,0.4716743008671187,0.4844702297491046,0.49821356040119125,0.4518986044543041,0.3850934809497226,0.42361439929843003,0.36865811200420406,0.4040049978630327,0.3927711280171797,0.4947901652125344,0.488624827283751,0.45467386501833285,0.4381720050033271
0.40146236381121336,0.4351307951177277,0.46605728866957463,0.4716743008671187,0.4844702297491046,0.49821356040119125,0.4518986044543041,0.3850934809497226,0.42361439929843003,0.36865811200420406,0.4040049978630327,0.3927711280171797,0.4947901652125344,0.488624827283751,0.45467386501833285
0.43406731191537506,0.40146236381121336,0.4351307951177277,0.46605728866957463,0.4716743008671187,0.4844702297491046,0.49821356040119125,0.4518986044543041,0.3850934809497226,0.42361439929843003,0.36865811200420406,0.4040049978630327,0.3927711280171797,0.4947901652125344,0.488624827283751
0.4372746622291559,0.43406731191537506,0.40146236381121336,0.4351307951177277,0.46605728866957463,0.4716743008671187,0.4844702297491046,0.49821356040119125,0.4518986044543041,0.3850934809497226,0.42361439929843003,0.36865811200420406,0.4040049978630327,0.3927711280171797,0.4947901652125344
0.4321562258653917,0.4372746622291559,0.43406731191537506,0.40146236381121336,0.4351307951177277,0.46605728866957463,0.4716743008671187,0.4844702297491046,0.49821356040119125,0.4518986044543041,0.3850934809497226,0.42361439929843003,0.36865811200420406,0.4040049978630327,0.3927711280171797
0.3923722065275532,0.4321562258653917,0.4372746622291559,0.43406731191537506,0.40146236381121336,0.4351307951177277,0.46605728866957463,0.4716743008671187,0.4844702297491046,0.49821356040119125,0.4518986044543041,0.3850934809497226,0.42361439929843003,0.36865811200420406,0.4040049978630327
0.3760698097500903,0.3923722065275532,0.4321562258653917,0.4372746622291559,0.43406731191537506,0.40146236381121336,0.4351307951177277,0.46605728866957463,0.4716743008671187,0.4844702297491046,0.49821356040119125,0.4518986044543041,0.3850934809497226,0.42361439929843003,0.36865811200420406
0.34057336510041347,0.3760698097500903,0.3923722065275532,0.4321562258653917,0.4372746622291559,0.43406731191537506,0.40146236381121336,0.4351307951177277,0.46605728866957463,0.4716743008671187,0.4844702297491046,0.49821356040119125,0.4518986044543041,0.3850934809497226,0.42361439929843003
0.3301536207435942,0.34057336510041347,0.3760698097500903,0.3923722065275532,0.4321562258653917,0.4372746622291559,0.43406731191537506,0.40146236381121336,0.4351307951177277,0.46605728866957463,0.4716743008671187,0.4844702297491046,0.49821356040119125,0.4518986044543041,0.3850934809497226
0.3378811772432053,0.3301536207435942,0.34057336510041347,0.3760698097500903,0.3923722065275532,0.4321562258653917,0.4372746622291559,0.43406731191537506,0.40146236381121336,0.4351307951177277,0.46605728866957463,0.4716743008671187,0.4844702297491046,0.49821356040119125,0.4518986044543041
0.30323217092100485,0.3378811772432053,0.3301536207435942,0.34057336510041347,0.3760698097500903,0.3923722065275532,0.4321562258653917,0.4372746622291559,0.43406731191537506,0.40146236381121336,0.4351307951177277,0.46605728866957463,0.4716743008671187,0.4844702297491046,0.49821356040119125
0.3242210638762557,0.30323217092100485,0.3378811772432053,0.3301536207435942,0.34057336510041347,0.3760698097500903,0.3923722065275532,0.4321562258653917,0.4372746622291559,0.43406731191537506,0.40146236381121336,0.4351307951177277,0.46605728866957463,0.4716743008671187,0.4844702297491046
0.37048612036190764,0.3242210638762557,0.30323217092100485,0.3378811772432053,0.3301536207435942,0.34057336510041347,0.3760698097500903,0.3923722065275532,0.4321562258653917,0.4372746622291559,0.43406731191537506,0.40146236381121336,0.4351307951177277,0.46605728866957463,0.4716743008671187
0.39820526359997377,0.37048612036190764,0.3242210638762557,0.30323217092100485,0.3378811772432053,0.3301536207435942,0.34057336510041347,0.3760698097500903,0.3923722065275532,0.4321562258653917,0.4372746622291559,0.43406731191537506,0.40146236381121336,0.4351307951177277,0.46605728866957463
0.45015366381796196,0.39820526359997377,0.37048612036190764,0.3242210638762557,0.30323217092100485,0.3378811772432053,0.3301536207435942,0.34057336510041347,0.3760698097500903,0.3923722065275532,0.4321562258653917,0.4372746622291559,0.43406731191537506,0.40146236381121336,0.4351307951177277
0.47378484018372635,0.45015366381796196,0.39820526359997377,0.37048612036190764,0.3242210638762557,0.30323217092100485,0.3378811772432053,0.3301536207435942,0.34057336510041347,0.3760698097500903,0.3923722065275532,0.4321562258653917,0.4372746622291559,0.43406731191537506,0.40146236381121336
0.4125135066060923,0.47378484018372635,0.45015366381796196,0.39820526359997377,0.37048612036190764,0.3242210638762557,0.30323217092100485,0.3378811772432053,0.3301536207435942,0.34057336510041347,0.3760698097500903,0.3923722065275532,0.4321562258653917,0.4372746622291559,0.43406731191537506
0.4647610194203178,0.4125135066060923,0.47378484018372635,0.45015366381796196,0.39820526359997377,0.37048612036190764,0.3242210638762557,0.30323217092100485,0.3378811772432053,0.3301536207435942,0.34057336510041347,0.3760698097500903,0.3923722065275532,0.4321562258653917,0.4372746622291559
0.4704445177018899,0.4647610194203178,0.4125135066060923,0.47378484018372635,0.45015366381796196,0.39820526359997377,0.37048612036190764,0.3242210638762557,0.30323217092100485,0.3378811772432053,0.3301536207435942,0.34057336510041347,0.3760698097500903,0.3923722065275532,0.4321562258653917
0.4684503639305455,0.4704445177018899,0.4647610194203178,0.4125135066060923,0.47378484018372635,0.45015366381796196,0.39820526359997377,0.37048612036190764,0.3242210638762557,0.30323217092100485,0.3378811772432053,0.3301536207435942,0.34057336510041347,0.3760698097500903,0.3923722065275532
0.496967195598629,0.4684503639305455,0.4704445177018899,0.4647610194203178,0.4125135066060923,0.47378484018372635,0.45015366381796196,0.39820526359997377,0.37048612036190764,0.3242210638762557,0.30323217092100485,0.3378811772432053,0.3301536207435942,0.34057336510041347,0.3760698097500903
0.4952721594089813,0.496967195598629,0.4684503639305455,0.4704445177018899,0.4647610194203178,0.4125135066060923,0.47378484018372635,0.45015366381796196,0.39820526359997377,0.37048612036190764,0.3242210638762557,0.30323217092100485,0.3378811772432053,0.3301536207435942,0.34057336510041347
0.4557373532061446,0.4952721594089813,0.496967195598629,0.4684503639305455,0.4704445177018899,0.4647610194203178,0.4125135066060923,0.47378484018372635,0.45015366381796196,0.39820526359997377,0.37048612036190764,0.3242210638762557,0.30323217092100485,0.3378811772432053,0.3301536207435942
0.3948649361326777,0.4557373532061446,0.4952721594089813,0.496967195598629,0.4684503639305455,0.4704445177018899,0.4647610194203178,0.4125135066060923,0.47378484018372635,0.45015366381796196,0.39820526359997377,0.37048612036190764,0.3242210638762557,0.30323217092100485,0.3378811772432053
0.32875770213564315,0.3948649361326777,0.4557373532061446,0.4952721594089813,0.496967195598629,0.4684503639305455,0.4704445177018899,0.4647610194203178,0.4125135066060923,0.47378484018372635,0.45015366381796196,0.39820526359997377,0.37048612036190764,0.3242210638762557,0.30323217092100485
0.33214792906417423,0.32875770213564315,0.3948649361326777,0.4557373532061446,0.4952721594089813,0.496967195598629,0.4684503639305455,0.4704445177018899,0.4647610194203178,0.4125135066060923,0.47378484018372635,0.45015366381796196,0.39820526359997377,0.37048612036190764,0.3242210638762557
0.3666971215075261,0.33214792906417423,0.32875770213564315,0.3948649361326777,0.4557373532061446,0.4952721594089813,0.496967195598629,0.4684503639305455,0.4704445177018899,0.4647610194203178,0.4125135066060923,0.47378484018372635,0.45015366381796196,0.39820526359997377,0.37048612036190764
0.39097628791960215,0.3666971215075261,0.33214792906417423,0.32875770213564315,0.3948649361326777,0.4557373532061446,0.4952721594089813,0.496967195598629,0.4684503639305455,0.4704445177018899,0.4647610194203178,0.4125135066060923,0.47378484018372635,0.45015366381796196,0.39820526359997377
0.2932612525005067,0.39097628791960215,0.3666971215075261,0.33214792906417423,0.32875770213564315,0.3948649361326777,0.4557373532061446,0.4952721594089813,0.496967195598629,0.4684503639305455,0.4704445177018899,0.4647610194203178,0.4125135066060923,0.47378484018372635,0.45015366381796196
